{"stats":{"minecraft:crafted":{"minecraft:oak_planks":12,"minecraft:crafting_table":1,"minecraft:stick":8,"minecraft:wooden_pickaxe":1,"minecraft:stone_pickaxe":1,"minecraft:furnace":1,"minecraft:stone_axe":1},"minecraft:picked_up":{"minecraft:crafting_table":1,"minecraft:feather":10,"minecraft:chicken":7,"minecraft:porkchop":11,"minecraft:oak_log":3,"minecraft:dirt":1,"minecraft:wheat_seeds":1,"minecraft:oak_sapling":1,"minecraft:cobblestone":14},"minecraft:used":{"minecraft:wooden_pickaxe":15,"minecraft:stone_axe":30,"minecraft:dirt":1,"minecraft:crafting_table":1,"minecraft:oak_sapling":1,"minecraft:porkchop":2},"minecraft:killed":{"minecraft:pig":6,"minecraft:chicken":7},"minecraft:mined":{"minecraft:crafting_table":1,"minecraft:grass":4,"minecraft:grass_block":1,"minecraft:oak_log":3,"minecraft:spruce_leaves":6,"minecraft:stone":14},"minecraft:custom":{"minecraft:time_since_rest":20444,"minecraft:sprint_one_cm":66682,"minecraft:damage_taken":65,"minecraft:walk_one_cm":24116,"minecraft:mob_kills":13,"minecraft:damage_dealt":899,"minecraft:swim_one_cm":1563,"minecraft:interact_with_crafting_table":2,"minecraft:fly_one_cm":16801,"minecraft:crouch_one_cm":1332,"minecraft:play_time":20444,"minecraft:sneak_time":671,"minecraft:walk_under_water_one_cm":513,"minecraft:jump":129,"minecraft:time_since_death":20444,"minecraft:leave_game":1,"minecraft:walk_on_water_one_cm":296,"minecraft:total_world_time":20444,"minecraft:fall_one_cm":3718}},"DataVersion":3465}