{"stats":{"minecraft:custom":{"minecraft:interact_with_furnace":38,"minecraft:mob_kills":53,"minecraft:interact_with_crafting_table":26,"minecraft:bell_ring":3,"minecraft:leave_game":4,"minecraft:time_since_death":39146,"minecraft:sleep_in_bed":4,"minecraft:climb_one_cm":1642,"minecraft:time_since_rest":39176,"minecraft:sprint_one_cm":508690,"minecraft:damage_taken":2727,"minecraft:walk_one_cm":220465,"minecraft:damage_blocked_by_shield":900,"minecraft:drop":2,"minecraft:damage_dealt":7223,"minecraft:swim_one_cm":9721,"minecraft:fly_one_cm":312629,"minecraft:play_time":140029,"minecraft:open_chest":12,"minecraft:crouch_one_cm":42851,"minecraft:sneak_time":15513,"minecraft:deaths":3,"minecraft:walk_under_water_one_cm":10391,"minecraft:jump":2760,"minecraft:walk_on_water_one_cm":18930,"minecraft:total_world_time":140029,"minecraft:fall_one_cm":68705},"minecraft:broken":{"minecraft:stone_axe":1,"minecraft:stone_pickaxe":1},"minecraft:used":{"minecraft:azalea":1,"minecraft:cooked_mutton":4,"minecraft:diorite":1,"minecraft:moss_block":1,"minecraft:moss_carpet":2,"minecraft:stone_pickaxe":330,"minecraft:oak_planks":1,"minecraft:chest":2,"minecraft:spruce_planks":39,"minecraft:wooden_pickaxe":15,"minecraft:shield":34,"minecraft:cooked_chicken":4,"minecraft:rotten_flesh":4,"minecraft:torch":147,"minecraft:glow_berries":15,"minecraft:dirt":112,"minecraft:crafting_table":2,"minecraft:white_bed":7,"minecraft:granite":1,"minecraft:chicken":2,"minecraft:bread":7,"minecraft:spruce_trapdoor":2,"minecraft:spore_blossom":1,"minecraft:stone_axe":196,"minecraft:cobblestone":138,"minecraft:sweet_berries":25,"minecraft:oak_sapling":1,"minecraft:porkchop":2,"minecraft:furnace":1,"minecraft:cooked_porkchop":4,"minecraft:bucket":2,"minecraft:cooked_beef":7,"minecraft:cobbled_deepslate":6,"minecraft:water_bucket":1},"minecraft:mined":{"minecraft:white_bed":6,"minecraft:spruce_planks":5,"minecraft:brown_mushroom":1,"minecraft:glass_pane":1,"minecraft:cobblestone_stairs":1,"minecraft:cave_vines_plant":7,"minecraft:clay":6,"minecraft:crafting_table":1,"minecraft:torch":3,"minecraft:granite":1,"minecraft:grass_block":59,"minecraft:cobblestone":9,"minecraft:spruce_leaves":30,"minecraft:lapis_ore":1,"minecraft:diorite":2,"minecraft:large_fern":2,"minecraft:spore_blossom":1,"minecraft:iron_ore":91,"minecraft:wheat":10,"minecraft:sweet_berry_bush":17,"minecraft:andesite":1,"minecraft:spruce_log":25,"minecraft:pumpkin_stem":1,"minecraft:pointed_dripstone":2,"minecraft:grass":6,"minecraft:cave_vines":11,"minecraft:oak_log":3,"minecraft:coal_ore":50,"minecraft:dirt_path":2,"minecraft:deepslate_iron_ore":24,"minecraft:dirt":37,"minecraft:azalea":1,"minecraft:stone":142,"minecraft:stonecutter":1,"minecraft:deepslate":3,"minecraft:fern":1},"minecraft:crafted":{"minecraft:cooked_beef":7,"minecraft:oak_planks":12,"minecraft:cooked_porkchop":4,"minecraft:crafting_table":1,"minecraft:spruce_planks":100,"minecraft:iron_helmet":1,"minecraft:cooked_chicken":5,"minecraft:wooden_pickaxe":1,"minecraft:furnace":1,"minecraft:bucket":1,"minecraft:stone_axe":4,"minecraft:cooked_mutton":5,"minecraft:air":0,"minecraft:spruce_trapdoor":2,"minecraft:iron_boots":1,"minecraft:iron_chestplate":1,"minecraft:shield":1,"minecraft:stick":48,"minecraft:iron_ingot":29,"minecraft:stone_pickaxe":4,"minecraft:chest":2,"minecraft:iron_leggings":1,"minecraft:white_bed":1,"minecraft:torch":156},"minecraft:dropped":{"minecraft:stone_axe":1,"minecraft:cobblestone":1},"minecraft:killed":{"minecraft:pig":7,"minecraft:zombie_villager":2,"minecraft:spider":5,"minecraft:creeper":1,"minecraft:sheep":3,"minecraft:skeleton":11,"minecraft:zombie":5,"minecraft:chicken":7,"minecraft:enderman":1,"minecraft:cow":4},"minecraft:picked_up":{"minecraft:charcoal":2,"minecraft:crafting_table":2,"minecraft:iron_chestplate":2,"minecraft:wheat":3,"minecraft:feather":20,"minecraft:chicken":12,"minecraft:clay_ball":24,"minecraft:leather":12,"minecraft:brown_mushroom":3,"minecraft:wooden_pickaxe":2,"minecraft:oak_log":3,"minecraft:shield":2,"minecraft:gunpowder":5,"minecraft:cobblestone_stairs":1,"minecraft:lapis_lazuli":8,"minecraft:string":12,"minecraft:dirt":117,"minecraft:moss_carpet":2,"minecraft:wooden_sword":1,"minecraft:iron_leggings":2,"minecraft:compass":1,"minecraft:bone":27,"minecraft:stonecutter":1,"minecraft:wheat_seeds":32,"minecraft:cobbled_deepslate":6,"minecraft:spruce_planks":15,"minecraft:spore_blossom":1,"minecraft:beef":14,"minecraft:stone_pickaxe":4,"minecraft:azalea":1,"minecraft:moss_block":1,"minecraft:oak_planks":18,"minecraft:iron_boots":2,"minecraft:stick":20,"minecraft:raw_iron":210,"minecraft:sweet_berries":50,"minecraft:torch":68,"minecraft:axolotl_bucket":1,"minecraft:porkchop":17,"minecraft:pointed_dripstone":2,"minecraft:spruce_sapling":4,"minecraft:diorite":2,"minecraft:white_bed":9,"minecraft:spruce_log":25,"minecraft:pumpkin_seeds":20,"minecraft:arrow":32,"minecraft:rotten_flesh":8,"minecraft:stone_axe":2,"minecraft:iron_helmet":2,"minecraft:granite":1,"minecraft:bread":20,"minecraft:oak_sapling":1,"minecraft:glow_berries":15,"minecraft:mutton":10,"minecraft:coal":56,"minecraft:white_wool":6,"minecraft:cobblestone":177}},"DataVersion":3465}