{"stats":{"minecraft:crafted":{"minecraft:oak_planks":12,"minecraft:cooked_porkchop":3,"minecraft:crafting_table":1,"minecraft:spruce_planks":32,"minecraft:stick":8,"minecraft:wooden_pickaxe":1,"minecraft:stone_pickaxe":1,"minecraft:furnace":1,"minecraft:white_bed":1,"minecraft:torch":8,"minecraft:stone_axe":1},"minecraft:picked_up":{"minecraft:raw_iron":12,"minecraft:crafting_table":1,"minecraft:feather":10,"minecraft:chicken":7,"minecraft:sweet_berries":28,"minecraft:torch":1,"minecraft:porkchop":11,"minecraft:oak_log":3,"minecraft:spruce_sapling":2,"minecraft:white_bed":1,"minecraft:spruce_log":8,"minecraft:dirt":23,"minecraft:wheat_seeds":1,"minecraft:oak_sapling":1,"minecraft:mutton":5,"minecraft:coal":2,"minecraft:white_wool":3,"minecraft:cobblestone":20},"minecraft:used":{"minecraft:stone_pickaxe":20,"minecraft:chicken":2,"minecraft:oak_planks":1,"minecraft:wooden_pickaxe":15,"minecraft:stone_axe":47,"minecraft:torch":3,"minecraft:dirt":22,"minecraft:cobblestone":1,"minecraft:sweet_berries":20,"minecraft:crafting_table":2,"minecraft:cooked_porkchop":2,"minecraft:furnace":1,"minecraft:oak_sapling":1,"minecraft:porkchop":2,"minecraft:white_bed":1},"minecraft:killed":{"minecraft:sheep":3,"minecraft:zombie":1,"minecraft:pig":6,"minecraft:chicken":7},"minecraft:mined":{"minecraft:large_fern":1,"minecraft:white_bed":1,"minecraft:iron_ore":12,"minecraft:sweet_berry_bush":16,"minecraft:spruce_log":8,"minecraft:torch":1,"minecraft:crafting_table":1,"minecraft:grass":4,"minecraft:coal_ore":2,"minecraft:grass_block":20,"minecraft:oak_log":3,"minecraft:dirt":4,"minecraft:spruce_leaves":20,"minecraft:stone":20},"minecraft:custom":{"minecraft:time_since_rest":5564,"minecraft:interact_with_furnace":4,"minecraft:sprint_one_cm":115199,"minecraft:damage_taken":450,"minecraft:walk_one_cm":42656,"minecraft:mob_kills":17,"minecraft:damage_dealt":1353,"minecraft:swim_one_cm":1563,"minecraft:interact_with_crafting_table":4,"minecraft:fly_one_cm":39914,"minecraft:crouch_one_cm":3233,"minecraft:play_time":32444,"minecraft:sneak_time":1572,"minecraft:walk_under_water_one_cm":513,"minecraft:jump":401,"minecraft:time_since_death":32444,"minecraft:leave_game":1,"minecraft:walk_on_water_one_cm":390,"minecraft:sleep_in_bed":1,"minecraft:total_world_time":32444,"minecraft:fall_one_cm":10653}},"DataVersion":3465}