{"stats":{"minecraft:crafted":{"minecraft:oak_planks":12,"minecraft:cooked_porkchop":3,"minecraft:crafting_table":1,"minecraft:spruce_planks":56,"minecraft:wooden_pickaxe":1,"minecraft:furnace":1,"minecraft:stone_axe":1,"minecraft:stick":16,"minecraft:stone_pickaxe":1,"minecraft:white_bed":1,"minecraft:torch":20},"minecraft:picked_up":{"minecraft:crafting_table":1,"minecraft:feather":20,"minecraft:chicken":12,"minecraft:clay_ball":8,"minecraft:wooden_pickaxe":1,"minecraft:oak_log":3,"minecraft:dirt":32,"minecraft:bone":12,"minecraft:wheat_seeds":2,"minecraft:stone_pickaxe":1,"minecraft:azalea":1,"minecraft:raw_iron":41,"minecraft:stick":5,"minecraft:sweet_berries":36,"minecraft:torch":12,"minecraft:porkchop":11,"minecraft:spruce_sapling":4,"minecraft:white_bed":2,"minecraft:spruce_log":14,"minecraft:arrow":10,"minecraft:stone_axe":1,"minecraft:oak_sapling":1,"minecraft:glow_berries":4,"minecraft:mutton":10,"minecraft:coal":5,"minecraft:white_wool":3,"minecraft:cobblestone":62},"minecraft:used":{"minecraft:azalea":1,"minecraft:stone_pickaxe":74,"minecraft:oak_planks":1,"minecraft:spruce_planks":20,"minecraft:wooden_pickaxe":15,"minecraft:torch":18,"minecraft:glow_berries":4,"minecraft:dirt":30,"minecraft:crafting_table":2,"minecraft:white_bed":1,"minecraft:chicken":2,"minecraft:stone_axe":67,"minecraft:cobblestone":42,"minecraft:sweet_berries":24,"minecraft:porkchop":2,"minecraft:oak_sapling":1,"minecraft:furnace":1,"minecraft:cooked_porkchop":3},"minecraft:killed":{"minecraft:pig":6,"minecraft:sheep":3,"minecraft:skeleton":3,"minecraft:zombie":2,"minecraft:chicken":7},"minecraft:mined":{"minecraft:white_bed":1,"minecraft:clay":2,"minecraft:crafting_table":1,"minecraft:torch":1,"minecraft:cave_vines_plant":1,"minecraft:grass_block":24,"minecraft:spruce_leaves":26,"minecraft:large_fern":1,"minecraft:iron_ore":26,"minecraft:sweet_berry_bush":17,"minecraft:spruce_log":14,"minecraft:grass":4,"minecraft:oak_log":3,"minecraft:coal_ore":5,"minecraft:cave_vines":5,"minecraft:dirt":8,"minecraft:azalea":1,"minecraft:stone":47},"minecraft:custom":{"minecraft:interact_with_furnace":4,"minecraft:mob_kills":21,"minecraft:interact_with_crafting_table":4,"minecraft:leave_game":1,"minecraft:time_since_death":7443,"minecraft:sleep_in_bed":1,"minecraft:climb_one_cm":501,"minecraft:time_since_rest":7475,"minecraft:sprint_one_cm":163905,"minecraft:damage_taken":795,"minecraft:walk_one_cm":56834,"minecraft:damage_dealt":2001,"minecraft:swim_one_cm":2175,"minecraft:fly_one_cm":73139,"minecraft:crouch_one_cm":11845,"minecraft:play_time":44444,"minecraft:deaths":1,"minecraft:sneak_time":3936,"minecraft:walk_under_water_one_cm":706,"minecraft:jump":708,"minecraft:walk_on_water_one_cm":1628,"minecraft:total_world_time":44444,"minecraft:fall_one_cm":17614}},"DataVersion":3465}