{"stats":{"minecraft:crafted":{"minecraft:oak_planks":12,"minecraft:cooked_porkchop":3,"minecraft:crafting_table":1,"minecraft:spruce_planks":76,"minecraft:cooked_chicken":5,"minecraft:wooden_pickaxe":1,"minecraft:iron_helmet":1,"minecraft:furnace":1,"minecraft:stone_axe":3,"minecraft:cooked_mutton":5,"minecraft:air":0,"minecraft:iron_chestplate":1,"minecraft:iron_boots":1,"minecraft:shield":1,"minecraft:stick":28,"minecraft:iron_ingot":26,"minecraft:stone_pickaxe":3,"minecraft:chest":2,"minecraft:iron_leggings":1,"minecraft:white_bed":1,"minecraft:torch":68},"minecraft:dropped":{"minecraft:stone_axe":1,"minecraft:cobblestone":1},"minecraft:picked_up":{"minecraft:iron_chestplate":1,"minecraft:charcoal":2,"minecraft:crafting_table":2,"minecraft:wheat":3,"minecraft:feather":20,"minecraft:chicken":12,"minecraft:clay_ball":8,"minecraft:brown_mushroom":2,"minecraft:wooden_pickaxe":2,"minecraft:oak_log":3,"minecraft:shield":1,"minecraft:gunpowder":2,"minecraft:string":1,"minecraft:dirt":102,"minecraft:wooden_sword":1,"minecraft:iron_leggings":1,"minecraft:compass":1,"minecraft:bone":19,"minecraft:stonecutter":1,"minecraft:wheat_seeds":10,"minecraft:cobbled_deepslate":3,"minecraft:spruce_planks":7,"minecraft:stone_pickaxe":2,"minecraft:azalea":1,"minecraft:oak_planks":18,"minecraft:iron_boots":1,"minecraft:raw_iron":119,"minecraft:stick":20,"minecraft:sweet_berries":50,"minecraft:torch":16,"minecraft:axolotl_bucket":1,"minecraft:porkchop":11,"minecraft:spruce_sapling":4,"minecraft:diorite":1,"minecraft:white_bed":8,"minecraft:spruce_log":19,"minecraft:pumpkin_seeds":20,"minecraft:arrow":21,"minecraft:rotten_flesh":4,"minecraft:stone_axe":1,"minecraft:iron_helmet":1,"minecraft:bread":20,"minecraft:oak_sapling":1,"minecraft:glow_berries":9,"minecraft:mutton":10,"minecraft:coal":28,"minecraft:white_wool":5,"minecraft:cobblestone":99},"minecraft:used":{"minecraft:azalea":1,"minecraft:cooked_mutton":4,"minecraft:stone_pickaxe":161,"minecraft:oak_planks":1,"minecraft:chest":2,"minecraft:shield":13,"minecraft:spruce_planks":32,"minecraft:wooden_pickaxe":15,"minecraft:cooked_chicken":4,"minecraft:torch":72,"minecraft:glow_berries":9,"minecraft:dirt":98,"minecraft:crafting_table":2,"minecraft:white_bed":5,"minecraft:chicken":2,"minecraft:bread":7,"minecraft:stone_axe":100,"minecraft:cobblestone":62,"minecraft:sweet_berries":25,"minecraft:porkchop":2,"minecraft:oak_sapling":1,"minecraft:furnace":1,"minecraft:cooked_porkchop":3,"minecraft:cobbled_deepslate":3},"minecraft:killed":{"minecraft:pig":6,"minecraft:zombie_villager":2,"minecraft:spider":1,"minecraft:sheep":3,"minecraft:skeleton":5,"minecraft:zombie":2,"minecraft:chicken":7},"minecraft:mined":{"minecraft:spruce_planks":5,"minecraft:brown_mushroom":1,"minecraft:white_bed":5,"minecraft:clay":2,"minecraft:crafting_table":1,"minecraft:torch":1,"minecraft:cave_vines_plant":2,"minecraft:grass_block":52,"minecraft:cobblestone":5,"minecraft:spruce_leaves":26,"minecraft:diorite":1,"minecraft:large_fern":1,"minecraft:iron_ore":57,"minecraft:sweet_berry_bush":17,"minecraft:spruce_log":19,"minecraft:dirt_path":1,"minecraft:deepslate_iron_ore":8,"minecraft:grass":4,"minecraft:oak_log":3,"minecraft:coal_ore":26,"minecraft:cave_vines":6,"minecraft:dirt":31,"minecraft:azalea":1,"minecraft:stonecutter":1,"minecraft:stone":65,"minecraft:deepslate":1},"minecraft:custom":{"minecraft:interact_with_furnace":26,"minecraft:mob_kills":32,"minecraft:interact_with_crafting_table":22,"minecraft:bell_ring":3,"minecraft:leave_game":1,"minecraft:time_since_death":9975,"minecraft:sleep_in_bed":3,"minecraft:climb_one_cm":501,"minecraft:time_since_rest":10001,"minecraft:sprint_one_cm":321743,"minecraft:damage_taken":2021,"minecraft:walk_one_cm":117682,"minecraft:damage_blocked_by_shield":335,"minecraft:drop":2,"minecraft:damage_dealt":3424,"minecraft:swim_one_cm":3177,"minecraft:fly_one_cm":174242,"minecraft:open_chest":10,"minecraft:crouch_one_cm":26884,"minecraft:play_time":86444,"minecraft:deaths":2,"minecraft:sneak_time":9383,"minecraft:walk_under_water_one_cm":1706,"minecraft:jump":1557,"minecraft:walk_on_water_one_cm":6756,"minecraft:total_world_time":86444,"minecraft:fall_one_cm":43718}},"DataVersion":3465}