{"stats":{"minecraft:custom":{"minecraft:interact_with_furnace":26,"minecraft:mob_kills":36,"minecraft:interact_with_crafting_table":23,"minecraft:bell_ring":3,"minecraft:leave_game":2,"minecraft:time_since_death":19077,"minecraft:sleep_in_bed":4,"minecraft:climb_one_cm":501,"minecraft:time_since_rest":4318,"minecraft:sprint_one_cm":337968,"minecraft:damage_taken":2056,"minecraft:walk_one_cm":150633,"minecraft:damage_blocked_by_shield":630,"minecraft:drop":2,"minecraft:damage_dealt":4310,"minecraft:swim_one_cm":3177,"minecraft:fly_one_cm":191925,"minecraft:play_time":95546,"minecraft:open_chest":10,"minecraft:crouch_one_cm":28636,"minecraft:sneak_time":10157,"minecraft:deaths":2,"minecraft:walk_under_water_one_cm":1706,"minecraft:jump":1753,"minecraft:walk_on_water_one_cm":7643,"minecraft:total_world_time":95546,"minecraft:fall_one_cm":47426},"minecraft:mined":{"minecraft:white_bed":6,"minecraft:spruce_planks":5,"minecraft:brown_mushroom":1,"minecraft:clay":2,"minecraft:crafting_table":1,"minecraft:torch":1,"minecraft:cave_vines_plant":2,"minecraft:granite":1,"minecraft:grass_block":53,"minecraft:cobblestone":5,"minecraft:spruce_leaves":26,"minecraft:diorite":1,"minecraft:large_fern":1,"minecraft:iron_ore":58,"minecraft:sweet_berry_bush":17,"minecraft:spruce_log":19,"minecraft:grass":4,"minecraft:oak_log":3,"minecraft:coal_ore":45,"minecraft:cave_vines":6,"minecraft:deepslate_iron_ore":8,"minecraft:dirt_path":1,"minecraft:dirt":34,"minecraft:azalea":1,"minecraft:stone":71,"minecraft:stonecutter":1,"minecraft:deepslate":1},"minecraft:picked_up":{"minecraft:charcoal":2,"minecraft:crafting_table":2,"minecraft:iron_chestplate":1,"minecraft:wheat":3,"minecraft:feather":20,"minecraft:chicken":12,"minecraft:clay_ball":8,"minecraft:brown_mushroom":2,"minecraft:wooden_pickaxe":2,"minecraft:oak_log":3,"minecraft:shield":1,"minecraft:gunpowder":2,"minecraft:string":3,"minecraft:dirt":106,"minecraft:wooden_sword":1,"minecraft:iron_leggings":1,"minecraft:compass":1,"minecraft:bone":21,"minecraft:stonecutter":1,"minecraft:wheat_seeds":10,"minecraft:cobbled_deepslate":3,"minecraft:spruce_planks":7,"minecraft:stone_pickaxe":2,"minecraft:azalea":1,"minecraft:oak_planks":18,"minecraft:iron_boots":1,"minecraft:stick":20,"minecraft:raw_iron":120,"minecraft:sweet_berries":50,"minecraft:torch":16,"minecraft:axolotl_bucket":1,"minecraft:porkchop":11,"minecraft:spruce_sapling":4,"minecraft:diorite":1,"minecraft:white_bed":9,"minecraft:spruce_log":19,"minecraft:rotten_flesh":5,"minecraft:pumpkin_seeds":20,"minecraft:arrow":21,"minecraft:stone_axe":1,"minecraft:iron_helmet":1,"minecraft:granite":1,"minecraft:bread":20,"minecraft:oak_sapling":1,"minecraft:glow_berries":9,"minecraft:mutton":10,"minecraft:coal":47,"minecraft:white_wool":5,"minecraft:cobblestone":106},"minecraft:used":{"minecraft:azalea":1,"minecraft:cooked_mutton":4,"minecraft:stone_pickaxe":188,"minecraft:oak_planks":1,"minecraft:chest":2,"minecraft:spruce_planks":32,"minecraft:wooden_pickaxe":15,"minecraft:shield":24,"minecraft:cooked_chicken":4,"minecraft:torch":88,"minecraft:glow_berries":9,"minecraft:dirt":105,"minecraft:crafting_table":2,"minecraft:white_bed":7,"minecraft:granite":1,"minecraft:chicken":2,"minecraft:bread":7,"minecraft:stone_axe":112,"minecraft:cobblestone":71,"minecraft:sweet_berries":25,"minecraft:oak_sapling":1,"minecraft:porkchop":2,"minecraft:furnace":1,"minecraft:cooked_porkchop":3,"minecraft:cobbled_deepslate":3},"minecraft:killed":{"minecraft:pig":6,"minecraft:zombie_villager":2,"minecraft:spider":2,"minecraft:sheep":3,"minecraft:skeleton":7,"minecraft:zombie":3,"minecraft:chicken":7},"minecraft:crafted":{"minecraft:oak_planks":12,"minecraft:cooked_porkchop":3,"minecraft:crafting_table":1,"minecraft:spruce_planks":76,"minecraft:iron_helmet":1,"minecraft:cooked_chicken":5,"minecraft:wooden_pickaxe":1,"minecraft:furnace":1,"minecraft:stone_axe":3,"minecraft:cooked_mutton":5,"minecraft:air":0,"minecraft:iron_boots":1,"minecraft:iron_chestplate":1,"minecraft:shield":1,"minecraft:stick":28,"minecraft:iron_ingot":26,"minecraft:stone_pickaxe":3,"minecraft:chest":2,"minecraft:iron_leggings":1,"minecraft:white_bed":1,"minecraft:torch":84},"minecraft:dropped":{"minecraft:stone_axe":1,"minecraft:cobblestone":1}},"DataVersion":3465}