{"stats":{"minecraft:custom":{"minecraft:interact_with_furnace":32,"minecraft:mob_kills":49,"minecraft:interact_with_crafting_table":23,"minecraft:bell_ring":3,"minecraft:leave_game":3,"minecraft:time_since_death":18356,"minecraft:sleep_in_bed":4,"minecraft:climb_one_cm":1642,"minecraft:time_since_rest":18386,"minecraft:sprint_one_cm":436556,"minecraft:damage_taken":2516,"minecraft:walk_one_cm":186626,"minecraft:damage_blocked_by_shield":755,"minecraft:drop":2,"minecraft:damage_dealt":6373,"minecraft:swim_one_cm":6855,"minecraft:fly_one_cm":249783,"minecraft:play_time":119239,"minecraft:open_chest":10,"minecraft:crouch_one_cm":37249,"minecraft:sneak_time":13734,"minecraft:deaths":3,"minecraft:walk_under_water_one_cm":7785,"minecraft:jump":2252,"minecraft:walk_on_water_one_cm":11234,"minecraft:total_world_time":119239,"minecraft:fall_one_cm":60714},"minecraft:mined":{"minecraft:white_bed":6,"minecraft:spruce_planks":5,"minecraft:brown_mushroom":1,"minecraft:clay":6,"minecraft:crafting_table":1,"minecraft:torch":1,"minecraft:cave_vines_plant":7,"minecraft:granite":1,"minecraft:grass_block":55,"minecraft:cobblestone":6,"minecraft:lapis_ore":1,"minecraft:spruce_leaves":30,"minecraft:diorite":1,"minecraft:large_fern":1,"minecraft:spore_blossom":1,"minecraft:iron_ore":76,"minecraft:wheat":10,"minecraft:sweet_berry_bush":17,"minecraft:spruce_log":23,"minecraft:pumpkin_stem":1,"minecraft:grass":6,"minecraft:cave_vines":11,"minecraft:oak_log":3,"minecraft:coal_ore":50,"minecraft:dirt_path":1,"minecraft:deepslate_iron_ore":20,"minecraft:dirt":36,"minecraft:azalea":1,"minecraft:stone":113,"minecraft:stonecutter":1,"minecraft:deepslate":2,"minecraft:fern":1},"minecraft:picked_up":{"minecraft:charcoal":2,"minecraft:crafting_table":2,"minecraft:iron_chestplate":2,"minecraft:wheat":3,"minecraft:feather":20,"minecraft:chicken":12,"minecraft:clay_ball":24,"minecraft:leather":12,"minecraft:brown_mushroom":3,"minecraft:wooden_pickaxe":2,"minecraft:oak_log":3,"minecraft:shield":2,"minecraft:gunpowder":3,"minecraft:lapis_lazuli":8,"minecraft:moss_carpet":2,"minecraft:string":12,"minecraft:dirt":111,"minecraft:wooden_sword":1,"minecraft:iron_leggings":2,"minecraft:compass":1,"minecraft:bone":24,"minecraft:stonecutter":1,"minecraft:wheat_seeds":31,"minecraft:cobbled_deepslate":4,"minecraft:spore_blossom":1,"minecraft:spruce_planks":15,"minecraft:beef":14,"minecraft:stone_pickaxe":4,"minecraft:azalea":1,"minecraft:moss_block":1,"minecraft:oak_planks":18,"minecraft:iron_boots":2,"minecraft:stick":20,"minecraft:raw_iron":191,"minecraft:sweet_berries":50,"minecraft:torch":66,"minecraft:axolotl_bucket":1,"minecraft:porkchop":17,"minecraft:spruce_sapling":4,"minecraft:diorite":1,"minecraft:white_bed":9,"minecraft:spruce_log":23,"minecraft:pumpkin_seeds":20,"minecraft:arrow":31,"minecraft:rotten_flesh":8,"minecraft:stone_axe":2,"minecraft:iron_helmet":2,"minecraft:granite":1,"minecraft:bread":20,"minecraft:oak_sapling":1,"minecraft:glow_berries":15,"minecraft:mutton":10,"minecraft:coal":56,"minecraft:white_wool":6,"minecraft:cobblestone":149},"minecraft:used":{"minecraft:azalea":1,"minecraft:cooked_mutton":4,"minecraft:moss_carpet":2,"minecraft:stone_pickaxe":274,"minecraft:oak_planks":1,"minecraft:chest":2,"minecraft:spruce_planks":38,"minecraft:wooden_pickaxe":15,"minecraft:shield":29,"minecraft:cooked_chicken":4,"minecraft:rotten_flesh":4,"minecraft:torch":128,"minecraft:glow_berries":15,"minecraft:dirt":109,"minecraft:crafting_table":2,"minecraft:white_bed":7,"minecraft:granite":1,"minecraft:chicken":2,"minecraft:bread":7,"minecraft:stone_axe":180,"minecraft:cobblestone":115,"minecraft:sweet_berries":25,"minecraft:oak_sapling":1,"minecraft:porkchop":2,"minecraft:furnace":1,"minecraft:cooked_porkchop":4,"minecraft:cooked_beef":1,"minecraft:cobbled_deepslate":3},"minecraft:killed":{"minecraft:pig":7,"minecraft:zombie_villager":2,"minecraft:spider":5,"minecraft:sheep":3,"minecraft:skeleton":9,"minecraft:zombie":4,"minecraft:chicken":7,"minecraft:enderman":1,"minecraft:cow":4},"minecraft:dropped":{"minecraft:stone_axe":1,"minecraft:cobblestone":1},"minecraft:crafted":{"minecraft:cooked_beef":4,"minecraft:oak_planks":12,"minecraft:cooked_porkchop":4,"minecraft:crafting_table":1,"minecraft:spruce_planks":92,"minecraft:iron_helmet":1,"minecraft:cooked_chicken":5,"minecraft:wooden_pickaxe":1,"minecraft:furnace":1,"minecraft:stone_axe":3,"minecraft:cooked_mutton":5,"minecraft:air":0,"minecraft:iron_boots":1,"minecraft:iron_chestplate":1,"minecraft:shield":1,"minecraft:stick":44,"minecraft:iron_ingot":26,"minecraft:stone_pickaxe":4,"minecraft:chest":2,"minecraft:iron_leggings":1,"minecraft:white_bed":1,"minecraft:torch":148}},"DataVersion":3465}