{"stats":{"minecraft:crafted":{"minecraft:oak_planks":12,"minecraft:cooked_porkchop":3,"minecraft:crafting_table":1,"minecraft:spruce_planks":76,"minecraft:cooked_chicken":5,"minecraft:wooden_pickaxe":1,"minecraft:iron_helmet":1,"minecraft:furnace":1,"minecraft:stone_axe":2,"minecraft:cooked_mutton":5,"minecraft:air":0,"minecraft:iron_chestplate":1,"minecraft:iron_boots":1,"minecraft:shield":1,"minecraft:stick":28,"minecraft:iron_ingot":26,"minecraft:stone_pickaxe":2,"minecraft:chest":2,"minecraft:iron_leggings":1,"minecraft:white_bed":1,"minecraft:torch":68},"minecraft:dropped":{"minecraft:stone_axe":1,"minecraft:cobblestone":1},"minecraft:picked_up":{"minecraft:charcoal":2,"minecraft:crafting_table":2,"minecraft:wheat":3,"minecraft:feather":20,"minecraft:chicken":12,"minecraft:clay_ball":8,"minecraft:brown_mushroom":1,"minecraft:wooden_pickaxe":2,"minecraft:oak_log":3,"minecraft:gunpowder":1,"minecraft:string":1,"minecraft:dirt":72,"minecraft:wooden_sword":1,"minecraft:compass":1,"minecraft:bone":17,"minecraft:stonecutter":1,"minecraft:wheat_seeds":10,"minecraft:spruce_planks":4,"minecraft:stone_pickaxe":1,"minecraft:azalea":1,"minecraft:oak_planks":18,"minecraft:raw_iron":53,"minecraft:stick":12,"minecraft:sweet_berries":50,"minecraft:torch":15,"minecraft:axolotl_bucket":1,"minecraft:porkchop":11,"minecraft:spruce_sapling":4,"minecraft:diorite":1,"minecraft:white_bed":7,"minecraft:spruce_log":19,"minecraft:pumpkin_seeds":20,"minecraft:arrow":13,"minecraft:rotten_flesh":4,"minecraft:stone_axe":1,"minecraft:bread":20,"minecraft:oak_sapling":1,"minecraft:glow_berries":9,"minecraft:mutton":10,"minecraft:coal":28,"minecraft:white_wool":4,"minecraft:cobblestone":84},"minecraft:used":{"minecraft:azalea":1,"minecraft:cooked_mutton":4,"minecraft:stone_pickaxe":121,"minecraft:oak_planks":1,"minecraft:chest":2,"minecraft:shield":6,"minecraft:spruce_planks":29,"minecraft:wooden_pickaxe":15,"minecraft:cooked_chicken":4,"minecraft:torch":53,"minecraft:glow_berries":4,"minecraft:dirt":71,"minecraft:crafting_table":2,"minecraft:white_bed":5,"minecraft:chicken":2,"minecraft:bread":2,"minecraft:stone_axe":95,"minecraft:cobblestone":55,"minecraft:sweet_berries":25,"minecraft:porkchop":2,"minecraft:oak_sapling":1,"minecraft:furnace":1,"minecraft:cooked_porkchop":3},"minecraft:killed":{"minecraft:pig":6,"minecraft:zombie_villager":1,"minecraft:sheep":3,"minecraft:skeleton":4,"minecraft:zombie":2,"minecraft:chicken":7},"minecraft:mined":{"minecraft:spruce_planks":2,"minecraft:brown_mushroom":1,"minecraft:white_bed":5,"minecraft:clay":2,"minecraft:crafting_table":1,"minecraft:torch":1,"minecraft:cave_vines_plant":2,"minecraft:grass_block":26,"minecraft:spruce_leaves":26,"minecraft:diorite":1,"minecraft:large_fern":1,"minecraft:iron_ore":39,"minecraft:sweet_berry_bush":17,"minecraft:spruce_log":19,"minecraft:grass":4,"minecraft:oak_log":3,"minecraft:coal_ore":26,"minecraft:cave_vines":6,"minecraft:dirt":27,"minecraft:azalea":1,"minecraft:stonecutter":1,"minecraft:stone":57},"minecraft:custom":{"minecraft:interact_with_furnace":24,"minecraft:mob_kills":29,"minecraft:interact_with_crafting_table":18,"minecraft:leave_game":1,"minecraft:time_since_death":31443,"minecraft:sleep_in_bed":3,"minecraft:climb_one_cm":501,"minecraft:time_since_rest":21193,"minecraft:sprint_one_cm":245358,"minecraft:damage_taken":1305,"minecraft:walk_one_cm":84027,"minecraft:damage_blocked_by_shield":110,"minecraft:drop":2,"minecraft:damage_dealt":2889,"minecraft:swim_one_cm":3177,"minecraft:fly_one_cm":133168,"minecraft:open_chest":5,"minecraft:crouch_one_cm":18480,"minecraft:play_time":68444,"minecraft:deaths":1,"minecraft:sneak_time":6251,"minecraft:walk_under_water_one_cm":1706,"minecraft:jump":1167,"minecraft:walk_on_water_one_cm":5204,"minecraft:total_world_time":68444,"minecraft:fall_one_cm":27827}},"DataVersion":3465}