{"stats":{"minecraft:crafted":{"minecraft:oak_planks":12,"minecraft:cooked_porkchop":3,"minecraft:crafting_table":1,"minecraft:spruce_planks":76,"minecraft:wooden_pickaxe":1,"minecraft:iron_helmet":1,"minecraft:furnace":1,"minecraft:stone_axe":2,"minecraft:cooked_mutton":5,"minecraft:air":0,"minecraft:iron_chestplate":1,"minecraft:iron_boots":1,"minecraft:shield":1,"minecraft:stick":28,"minecraft:iron_ingot":26,"minecraft:stone_pickaxe":2,"minecraft:iron_leggings":1,"minecraft:white_bed":1,"minecraft:torch":68},"minecraft:dropped":{"minecraft:stone_axe":1},"minecraft:picked_up":{"minecraft:crafting_table":1,"minecraft:feather":20,"minecraft:chicken":12,"minecraft:clay_ball":8,"minecraft:brown_mushroom":1,"minecraft:wooden_pickaxe":1,"minecraft:oak_log":3,"minecraft:gunpowder":1,"minecraft:dirt":71,"minecraft:bone":13,"minecraft:wheat_seeds":2,"minecraft:spruce_planks":1,"minecraft:stone_pickaxe":1,"minecraft:azalea":1,"minecraft:raw_iron":43,"minecraft:stick":5,"minecraft:sweet_berries":36,"minecraft:torch":13,"minecraft:porkchop":11,"minecraft:spruce_sapling":4,"minecraft:white_bed":5,"minecraft:spruce_log":19,"minecraft:arrow":12,"minecraft:rotten_flesh":2,"minecraft:stone_axe":1,"minecraft:oak_sapling":1,"minecraft:glow_berries":4,"minecraft:mutton":10,"minecraft:coal":17,"minecraft:white_wool":3,"minecraft:cobblestone":72},"minecraft:used":{"minecraft:azalea":1,"minecraft:cooked_mutton":4,"minecraft:stone_pickaxe":96,"minecraft:oak_planks":1,"minecraft:shield":5,"minecraft:spruce_planks":20,"minecraft:wooden_pickaxe":15,"minecraft:torch":41,"minecraft:glow_berries":4,"minecraft:dirt":70,"minecraft:crafting_table":2,"minecraft:white_bed":5,"minecraft:chicken":2,"minecraft:stone_axe":86,"minecraft:cobblestone":42,"minecraft:sweet_berries":24,"minecraft:porkchop":2,"minecraft:oak_sapling":1,"minecraft:furnace":1,"minecraft:cooked_porkchop":3},"minecraft:killed":{"minecraft:pig":6,"minecraft:sheep":3,"minecraft:skeleton":4,"minecraft:zombie":2,"minecraft:chicken":7},"minecraft:mined":{"minecraft:spruce_planks":1,"minecraft:brown_mushroom":1,"minecraft:white_bed":4,"minecraft:clay":2,"minecraft:crafting_table":1,"minecraft:torch":1,"minecraft:cave_vines_plant":1,"minecraft:grass_block":25,"minecraft:spruce_leaves":26,"minecraft:large_fern":1,"minecraft:iron_ore":28,"minecraft:sweet_berry_bush":17,"minecraft:spruce_log":17,"minecraft:grass":4,"minecraft:oak_log":3,"minecraft:coal_ore":17,"minecraft:cave_vines":5,"minecraft:dirt":27,"minecraft:azalea":1,"minecraft:stone":55},"minecraft:custom":{"minecraft:interact_with_furnace":16,"minecraft:mob_kills":24,"minecraft:interact_with_crafting_table":14,"minecraft:leave_game":1,"minecraft:time_since_death":19443,"minecraft:sleep_in_bed":3,"minecraft:climb_one_cm":501,"minecraft:time_since_rest":9193,"minecraft:sprint_one_cm":207191,"minecraft:damage_taken":1167,"minecraft:walk_one_cm":69911,"minecraft:damage_blocked_by_shield":80,"minecraft:drop":1,"minecraft:damage_dealt":2603,"minecraft:swim_one_cm":3021,"minecraft:fly_one_cm":106816,"minecraft:crouch_one_cm":15418,"minecraft:play_time":56444,"minecraft:deaths":1,"minecraft:sneak_time":5152,"minecraft:walk_under_water_one_cm":1593,"minecraft:jump":942,"minecraft:walk_on_water_one_cm":2508,"minecraft:total_world_time":56444,"minecraft:fall_one_cm":24099}},"DataVersion":3465}