{"stats":{"minecraft:custom":{"minecraft:mob_kills":56,"minecraft:interact_with_crafting_table":29,"minecraft:bell_ring":3,"minecraft:leave_game":4,"minecraft:time_since_death":51146,"minecraft:climb_one_cm":1642,"minecraft:sprint_one_cm":541959,"minecraft:walk_one_cm":244486,"minecraft:damage_blocked_by_shield":900,"minecraft:drop":14,"minecraft:play_time":152029,"minecraft:deaths":3,"minecraft:sneak_time":16089,"minecraft:walk_under_water_one_cm":10550,"minecraft:jump":3003,"minecraft:walk_on_water_one_cm":19616,"minecraft:total_world_time":152029,"minecraft:interact_with_furnace":42,"minecraft:sleep_in_bed":6,"minecraft:time_since_rest":1840,"minecraft:damage_taken":2860,"minecraft:damage_dealt":7746,"minecraft:swim_one_cm":9721,"minecraft:fly_one_cm":353468,"minecraft:open_chest":16,"minecraft:crouch_one_cm":44845,"minecraft:fall_one_cm":74948},"minecraft:broken":{"minecraft:stone_pickaxe":1,"minecraft:stone_axe":1},"minecraft:used":{"minecraft:azalea":1,"minecraft:moss_block":1,"minecraft:moss_carpet":2,"minecraft:spruce_planks":40,"minecraft:chest":2,"minecraft:shield":34,"minecraft:rotten_flesh":4,"minecraft:cooked_chicken":4,"minecraft:torch":147,"minecraft:dirt":114,"minecraft:granite":1,"minecraft:sweet_berries":25,"minecraft:furnace":1,"minecraft:oak_sapling":1,"minecraft:cooked_beef":7,"minecraft:cobbled_deepslate":6,"minecraft:cooked_mutton":4,"minecraft:water_bucket":7,"minecraft:diorite":1,"minecraft:stone_pickaxe":338,"minecraft:oak_planks":1,"minecraft:wooden_pickaxe":15,"minecraft:glow_berries":15,"minecraft:crafting_table":2,"minecraft:white_bed":7,"minecraft:chicken":2,"minecraft:bread":10,"minecraft:spore_blossom":1,"minecraft:spruce_trapdoor":2,"minecraft:stone_axe":210,"minecraft:cobblestone":138,"minecraft:cooked_porkchop":4,"minecraft:porkchop":2,"minecraft:bucket":8},"minecraft:crafted":{"minecraft:oak_planks":12,"minecraft:cooked_chicken":5,"minecraft:furnace":1,"minecraft:cooked_mutton":5,"minecraft:iron_boots":2,"minecraft:stone_pickaxe":5,"minecraft:chest":2,"minecraft:cooked_beef":7,"minecraft:cooked_porkchop":4,"minecraft:crafting_table":1,"minecraft:spruce_planks":112,"minecraft:wooden_pickaxe":1,"minecraft:iron_helmet":2,"minecraft:bucket":1,"minecraft:stone_axe":4,"minecraft:air":0,"minecraft:spruce_trapdoor":2,"minecraft:iron_chestplate":2,"minecraft:shield":1,"minecraft:stick":52,"minecraft:iron_ingot":53,"minecraft:iron_leggings":2,"minecraft:white_bed":1,"minecraft:torch":156},"minecraft:mined":{"minecraft:spruce_planks":5,"minecraft:white_bed":6,"minecraft:cobblestone_stairs":1,"minecraft:cave_vines_plant":7,"minecraft:granite":1,"minecraft:grass_block":59,"minecraft:spruce_leaves":30,"minecraft:large_fern":2,"minecraft:spore_blossom":1,"minecraft:iron_ore":99,"minecraft:andesite":1,"minecraft:pointed_dripstone":2,"minecraft:cave_vines":11,"minecraft:deepslate_iron_ore":24,"minecraft:dirt_path":2,"minecraft:azalea":1,"minecraft:stone":142,"minecraft:brown_mushroom":1,"minecraft:glass_pane":1,"minecraft:crafting_table":1,"minecraft:clay":6,"minecraft:torch":3,"minecraft:cobblestone":9,"minecraft:lapis_ore":1,"minecraft:diorite":2,"minecraft:wheat":10,"minecraft:sweet_berry_bush":17,"minecraft:spruce_log":29,"minecraft:pumpkin_stem":1,"minecraft:grass":6,"minecraft:coal_ore":50,"minecraft:oak_log":3,"minecraft:dirt":38,"minecraft:stonecutter":1,"minecraft:deepslate":3,"minecraft:fern":1},"minecraft:dropped":{"minecraft:iron_helmet":3,"minecraft:cobblestone":1,"minecraft:iron_leggings":3,"minecraft:stone_axe":1,"minecraft:iron_boots":3,"minecraft:iron_chestplate":3},"minecraft:killed":{"minecraft:spider":5,"minecraft:skeleton":11,"minecraft:chicken":7,"minecraft:pig":7,"minecraft:zombie_villager":2,"minecraft:creeper":2,"minecraft:sheep":3,"minecraft:zombie":7,"minecraft:cow":4,"minecraft:enderman":1},"minecraft:picked_up":{"minecraft:charcoal":2,"minecraft:iron_chestplate":4,"minecraft:crafting_table":2,"minecraft:wheat":3,"minecraft:chicken":12,"minecraft:clay_ball":24,"minecraft:brown_mushroom":3,"minecraft:wooden_pickaxe":2,"minecraft:shield":2,"minecraft:string":12,"minecraft:moss_carpet":2,"minecraft:wooden_sword":1,"minecraft:iron_leggings":4,"minecraft:compass":1,"minecraft:cobbled_deepslate":6,"minecraft:spruce_planks":15,"minecraft:beef":14,"minecraft:azalea":1,"minecraft:iron_boots":4,"minecraft:raw_iron":218,"minecraft:stick":20,"minecraft:torch":68,"minecraft:porkchop":17,"minecraft:pointed_dripstone":2,"minecraft:diorite":2,"minecraft:rotten_flesh":8,"minecraft:arrow":32,"minecraft:glow_berries":15,"minecraft:mutton":10,"minecraft:white_wool":6,"minecraft:cobblestone":177,"minecraft:feather":20,"minecraft:leather":12,"minecraft:oak_log":3,"minecraft:gunpowder":7,"minecraft:cobblestone_stairs":1,"minecraft:lapis_lazuli":8,"minecraft:dirt":117,"minecraft:bone":27,"minecraft:stonecutter":1,"minecraft:wheat_seeds":32,"minecraft:spore_blossom":1,"minecraft:stone_pickaxe":4,"minecraft:moss_block":1,"minecraft:oak_planks":18,"minecraft:sweet_berries":50,"minecraft:axolotl_bucket":1,"minecraft:spruce_sapling":4,"minecraft:white_bed":9,"minecraft:spruce_log":28,"minecraft:pumpkin_seeds":20,"minecraft:stone_axe":2,"minecraft:iron_helmet":4,"minecraft:granite":1,"minecraft:bread":20,"minecraft:oak_sapling":1,"minecraft:coal":56}},"DataVersion":3465}