{"stats":{"minecraft:custom":{"minecraft:time_since_rest":1250,"minecraft:open_chest":3,"minecraft:play_time":5959,"minecraft:walk_one_cm":24493,"minecraft:jump":43,"minecraft:time_since_death":5959,"minecraft:total_world_time":5959,"minecraft:sleep_in_bed":1,"minecraft:interact_with_crafting_table":1,"minecraft:fly_one_cm":163},"minecraft:mined":{"minecraft:attached_pumpkin_stem":1,"minecraft:grass":1,"minecraft:wheat":7,"minecraft:pumpkin_stem":9,"minecraft:composter":1,"minecraft:dandelion":10,"minecraft:pumpkin":16,"minecraft:azure_bluet":4},"minecraft:picked_up":{"minecraft:azure_bluet":4,"minecraft:pumpkin_seeds":18,"minecraft:pumpkin":16,"minecraft:composter":1,"minecraft:wheat_seeds":7,"minecraft:dandelion":10,"minecraft:bone_meal":2},"minecraft:used":{"minecraft:wheat_seeds":7,"minecraft:sweet_berries":8,"minecraft:dandelion":10,"minecraft:large_fern":1,"minecraft:pumpkin_seeds":18}},"DataVersion":3465}