{"stats":{"minecraft:custom":{"minecraft:time_since_rest":18626,"minecraft:damage_taken":30,"minecraft:walk_one_cm":108743,"minecraft:interact_with_crafting_table":6,"minecraft:fly_one_cm":721,"minecraft:open_chest":5,"minecraft:play_time":23335,"minecraft:walk_under_water_one_cm":4003,"minecraft:jump":297,"minecraft:leave_game":1,"minecraft:time_since_death":23335,"minecraft:walk_on_water_one_cm":9111,"minecraft:sleep_in_bed":1,"minecraft:total_world_time":23335,"minecraft:climb_one_cm":711,"minecraft:fall_one_cm":2833},"minecraft:mined":{"minecraft:large_fern":3,"minecraft:attached_pumpkin_stem":1,"minecraft:flowering_azalea":1,"minecraft:brown_mushroom":10,"minecraft:wheat":10,"minecraft:spruce_log":9,"minecraft:pumpkin":16,"minecraft:dandelion":37,"minecraft:pumpkin_stem":9,"minecraft:azure_bluet":28,"minecraft:cave_vines_plant":2,"minecraft:grass":6,"minecraft:grass_block":4,"minecraft:coal_ore":16,"minecraft:poppy":6,"minecraft:gravel":3,"minecraft:dirt":1,"minecraft:stone":31,"minecraft:spruce_leaves":16,"minecraft:moss_block":1,"minecraft:composter":3},"minecraft:picked_up":{"minecraft:azure_bluet":28,"minecraft:pumpkin":16,"minecraft:composter":3,"minecraft:brown_mushroom":10,"minecraft:dandelion":37,"minecraft:gravel":3,"minecraft:spruce_sapling":3,"minecraft:spruce_log":9,"minecraft:dirt":5,"minecraft:pumpkin_seeds":18,"minecraft:tropical_fish":1,"minecraft:wheat_seeds":10,"minecraft:bone_meal":5,"minecraft:glow_berries":1,"minecraft:moss_block":1,"minecraft:poppy":6,"minecraft:coal":16,"minecraft:flowering_azalea":1,"minecraft:cobblestone":31},"minecraft:used":{"minecraft:wheat_seeds":10,"minecraft:tropical_fish":1,"minecraft:bread":5,"minecraft:wooden_pickaxe":51,"minecraft:brown_mushroom":3,"minecraft:composter":2,"minecraft:glow_berries":1,"minecraft:crafting_table":1,"minecraft:sweet_berries":8,"minecraft:dandelion":10,"minecraft:pumpkin":16,"minecraft:azure_bluet":4,"minecraft:spruce_log":1,"minecraft:pumpkin_seeds":18,"minecraft:large_fern":1},"minecraft:crafted":{"minecraft:white_dye":5,"minecraft:stick":20,"minecraft:crafting_table":1,"minecraft:spruce_planks":64,"minecraft:wooden_pickaxe":1,"minecraft:wooden_axe":1}},"DataVersion":3465}