{"stats":{"minecraft:killed_by":{"minecraft:zombie":1,"minecraft:creeper":1},"minecraft:picked_up":{"minecraft:dirt":3},"minecraft:used":{"minecraft:dirt":2},"minecraft:mined":{"minecraft:grass":1,"minecraft:grass_block":1,"minecraft:dirt":2},"minecraft:custom":{"minecraft:jump":76,"minecraft:time_since_rest":72,"minecraft:deaths":2,"minecraft:damage_dealt":9,"minecraft:crouch_one_cm":615,"minecraft:sprint_one_cm":16243,"minecraft:play_time":3655,"minecraft:damage_taken":440,"minecraft:time_since_death":28,"minecraft:walk_one_cm":9419,"minecraft:sneak_time":210,"minecraft:total_world_time":3655,"minecraft:fall_one_cm":1586,"minecraft:fly_one_cm":12241}},"DataVersion":3465}