{"stats":{"minecraft:crafted":{"minecraft:wooden_sword":1,"minecraft:oak_planks":36,"minecraft:crafting_table":1,"minecraft:spruce_planks":16,"minecraft:wooden_pickaxe":1,"minecraft:bucket":1,"minecraft:stick":12,"minecraft:wooden_axe":1},"minecraft:killed_by":{"minecraft:skeleton":2,"minecraft:creeper":1,"minecraft:zombie":1},"minecraft:dropped":{"minecraft:iron_ingot":2,"minecraft:oak_log":5,"minecraft:charcoal":2},"minecraft:picked_up":{"minecraft:charcoal":4,"minecraft:crafting_table":3,"minecraft:wheat":3,"minecraft:potato":1,"minecraft:oak_log":14,"minecraft:dirt":41,"minecraft:cooked_mutton":2,"minecraft:pufferfish":1,"minecraft:beetroot":1,"minecraft:wheat_seeds":12,"minecraft:iron_ingot":5,"minecraft:poppy":1,"minecraft:cooked_porkchop":4,"minecraft:sweet_berries":2,"minecraft:torch":4,"minecraft:white_bed":8,"minecraft:rotten_flesh":3,"minecraft:beetroot_seeds":5,"minecraft:mutton":3,"minecraft:white_wool":2,"minecraft:cobblestone":9},"minecraft:used":{"minecraft:wheat_seeds":3,"minecraft:cooked_mutton":2,"minecraft:water_bucket":6,"minecraft:spruce_planks":13,"minecraft:wooden_pickaxe":9,"minecraft:rotten_flesh":1,"minecraft:white_wool":1,"minecraft:dirt":40,"minecraft:mutton":1,"minecraft:crafting_table":3,"minecraft:white_bed":7,"minecraft:wooden_axe":10,"minecraft:bread":1,"minecraft:pufferfish":1,"minecraft:wooden_sword":47,"minecraft:sweet_berries":2,"minecraft:cooked_porkchop":4,"minecraft:beetroot_seeds":1,"minecraft:bucket":7,"minecraft:potato":4},"minecraft:killed":{"minecraft:iron_golem":1,"minecraft:sheep":2},"minecraft:mined":{"minecraft:white_bed":8,"minecraft:crafting_table":3,"minecraft:grass_block":10,"minecraft:campfire":1,"minecraft:wall_torch":4,"minecraft:wheat":4,"minecraft:sweet_berry_bush":1,"minecraft:grass":10,"minecraft:potatoes":1,"minecraft:oak_log":14,"minecraft:beetroots":2,"minecraft:dirt":24,"minecraft:stone":9,"minecraft:oak_leaves":1},"minecraft:custom":{"minecraft:interact_with_furnace":2,"minecraft:mob_kills":3,"minecraft:interact_with_crafting_table":7,"minecraft:bell_ring":10,"minecraft:leave_game":1,"minecraft:time_since_death":32823,"minecraft:sleep_in_bed":3,"minecraft:climb_one_cm":755,"minecraft:time_since_rest":12945,"minecraft:sprint_one_cm":116147,"minecraft:damage_taken":1830,"minecraft:walk_one_cm":106541,"minecraft:drop":9,"minecraft:damage_dealt":1156,"minecraft:swim_one_cm":6218,"minecraft:fly_one_cm":100051,"minecraft:open_chest":3,"minecraft:crouch_one_cm":7656,"minecraft:play_time":43407,"minecraft:deaths":4,"minecraft:sneak_time":3386,"minecraft:walk_under_water_one_cm":5931,"minecraft:jump":990,"minecraft:walk_on_water_one_cm":12604,"minecraft:total_world_time":43407,"minecraft:fall_one_cm":34155}},"DataVersion":3465}