{"stats":{"minecraft:crafted":{"minecraft:wooden_sword":1,"minecraft:oak_planks":36,"minecraft:crafting_table":1,"minecraft:stick":12,"minecraft:wooden_pickaxe":1,"minecraft:wooden_axe":1},"minecraft:killed_by":{"minecraft:skeleton":2,"minecraft:creeper":1,"minecraft:zombie":1},"minecraft:dropped":{"minecraft:iron_ingot":2,"minecraft:oak_log":5},"minecraft:picked_up":{"minecraft:wheat":3,"minecraft:crafting_table":2,"minecraft:cooked_porkchop":3,"minecraft:sweet_berries":2,"minecraft:potato":1,"minecraft:oak_log":14,"minecraft:white_bed":5,"minecraft:dirt":39,"minecraft:cooked_mutton":2,"minecraft:rotten_flesh":2,"minecraft:beetroot":1,"minecraft:beetroot_seeds":5,"minecraft:wheat_seeds":12,"minecraft:iron_ingot":5,"minecraft:poppy":1,"minecraft:mutton":3,"minecraft:white_wool":2},"minecraft:used":{"minecraft:wheat_seeds":3,"minecraft:cooked_mutton":2,"minecraft:wooden_axe":8,"minecraft:wooden_sword":47,"minecraft:white_wool":1,"minecraft:dirt":38,"minecraft:mutton":1,"minecraft:sweet_berries":2,"minecraft:crafting_table":2,"minecraft:cooked_porkchop":1,"minecraft:beetroot_seeds":1,"minecraft:white_bed":4,"minecraft:potato":1},"minecraft:killed":{"minecraft:sheep":2,"minecraft:iron_golem":1},"minecraft:mined":{"minecraft:white_bed":5,"minecraft:wheat":4,"minecraft:sweet_berry_bush":1,"minecraft:crafting_table":2,"minecraft:grass":10,"minecraft:potatoes":1,"minecraft:oak_log":14,"minecraft:grass_block":9,"minecraft:beetroots":2,"minecraft:dirt":23,"minecraft:oak_leaves":1},"minecraft:custom":{"minecraft:time_since_rest":17103,"minecraft:interact_with_furnace":2,"minecraft:sprint_one_cm":88355,"minecraft:damage_taken":1310,"minecraft:walk_one_cm":64544,"minecraft:mob_kills":3,"minecraft:drop":7,"minecraft:damage_dealt":1139,"minecraft:swim_one_cm":6218,"minecraft:interact_with_crafting_table":4,"minecraft:fly_one_cm":79334,"minecraft:open_chest":2,"minecraft:crouch_one_cm":3232,"minecraft:play_time":27655,"minecraft:walk_under_water_one_cm":2333,"minecraft:sneak_time":1930,"minecraft:deaths":4,"minecraft:bell_ring":10,"minecraft:jump":685,"minecraft:walk_on_water_one_cm":899,"minecraft:time_since_death":17071,"minecraft:total_world_time":27655,"minecraft:climb_one_cm":424,"minecraft:fall_one_cm":23823}},"DataVersion":3465}