{"stats":{"minecraft:crafted":{"minecraft:wooden_sword":1,"minecraft:oak_planks":32,"minecraft:crafting_table":1,"minecraft:stick":12},"minecraft:killed_by":{"minecraft:skeleton":2,"minecraft:creeper":1,"minecraft:zombie":1},"minecraft:picked_up":{"minecraft:potato":1,"minecraft:oak_log":8,"minecraft:white_bed":5,"minecraft:dirt":23,"minecraft:rotten_flesh":2,"minecraft:beetroot":1,"minecraft:beetroot_seeds":5,"minecraft:wheat_seeds":1,"minecraft:mutton":1,"minecraft:white_wool":1},"minecraft:used":{"minecraft:white_wool":1,"minecraft:dirt":16,"minecraft:mutton":1,"minecraft:crafting_table":1,"minecraft:beetroot_seeds":1,"minecraft:white_bed":4},"minecraft:killed":{"minecraft:sheep":1},"minecraft:mined":{"minecraft:white_bed":5,"minecraft:grass":10,"minecraft:potatoes":1,"minecraft:oak_log":8,"minecraft:grass_block":2,"minecraft:beetroots":2,"minecraft:dirt":12,"minecraft:oak_leaves":1},"minecraft:custom":{"minecraft:time_since_rest":5103,"minecraft:sprint_one_cm":59089,"minecraft:damage_taken":990,"minecraft:walk_one_cm":36000,"minecraft:mob_kills":1,"minecraft:damage_dealt":117,"minecraft:swim_one_cm":488,"minecraft:interact_with_crafting_table":1,"minecraft:fly_one_cm":52504,"minecraft:crouch_one_cm":758,"minecraft:play_time":15655,"minecraft:walk_under_water_one_cm":2188,"minecraft:sneak_time":580,"minecraft:deaths":4,"minecraft:bell_ring":10,"minecraft:jump":365,"minecraft:walk_on_water_one_cm":678,"minecraft:time_since_death":5071,"minecraft:total_world_time":15655,"minecraft:climb_one_cm":424,"minecraft:fall_one_cm":12540}},"DataVersion":3465}