{"stats":{"minecraft:picked_up":{"minecraft:porkchop":3,"minecraft:oak_log":18,"minecraft:oak_sapling":1},"minecraft:crafted":{"minecraft:oak_planks":72,"minecraft:crafting_table":1,"minecraft:stick":16},"minecraft:dropped":{"minecraft:oak_sapling":1},"minecraft:custom":{"minecraft:time_since_rest":7811,"minecraft:crouch_one_cm":2545,"minecraft:play_time":7811,"minecraft:sprint_one_cm":7561,"minecraft:damage_taken":240,"minecraft:walk_one_cm":14568,"minecraft:sneak_time":757,"minecraft:mob_kills":2,"minecraft:drop":1,"minecraft:jump":53,"minecraft:damage_dealt":197,"minecraft:leave_game":1,"minecraft:time_since_death":7811,"minecraft:total_world_time":7811,"minecraft:interact_with_crafting_table":2,"minecraft:fall_one_cm":3948,"minecraft:fly_one_cm":3928},"minecraft:mined":{"minecraft:grass":1,"minecraft:oak_log":18,"minecraft:oak_leaves":10},"minecraft:killed":{"minecraft:pig":2},"minecraft:used":{"minecraft:crafting_table":1,"minecraft:porkchop":2,"minecraft:oak_planks":5}},"DataVersion":3465}