{"stats":{"minecraft:killed_by":{"minecraft:skeleton":1},"minecraft:picked_up":{"minecraft:mutton":1,"minecraft:wheat_seeds":1,"minecraft:white_wool":1},"minecraft:used":{"minecraft:mutton":1},"minecraft:killed":{"minecraft:sheep":1},"minecraft:mined":{"minecraft:tall_grass":1,"minecraft:grass":5,"minecraft:oak_leaves":4},"minecraft:custom":{"minecraft:jump":282,"minecraft:time_since_rest":1195,"minecraft:damage_dealt":80,"minecraft:deaths":1,"minecraft:sprint_one_cm":33913,"minecraft:play_time":13203,"minecraft:damage_taken":375,"minecraft:time_since_death":1167,"minecraft:walk_one_cm":24041,"minecraft:total_world_time":13203,"minecraft:mob_kills":1,"minecraft:fall_one_cm":10270,"minecraft:fly_one_cm":41363}},"DataVersion":3465}