{"stats":{"minecraft:crafted":{"minecraft:wooden_sword":1,"minecraft:oak_planks":40,"minecraft:cooked_porkchop":6,"minecraft:crafting_table":1,"minecraft:wooden_pickaxe":1,"minecraft:furnace":1,"minecraft:cooked_salmon":1,"minecraft:birch_planks":8,"minecraft:cooked_mutton":4,"minecraft:air":0,"minecraft:stick":16,"minecraft:wooden_axe":1,"minecraft:white_bed":1},"minecraft:killed_by":{"minecraft:skeleton":2,"minecraft:zombie":2},"minecraft:dropped":{"minecraft:cooked_porkchop":4,"minecraft:rotten_flesh":1,"minecraft:oak_planks":8,"minecraft:cooked_mutton":2},"minecraft:picked_up":{"minecraft:wooden_axe":1,"minecraft:birch_log":2,"minecraft:crafting_table":4,"minecraft:salmon":3,"minecraft:wooden_pickaxe":1,"minecraft:oak_log":10,"minecraft:string":8,"minecraft:dirt":16,"minecraft:wooden_sword":1,"minecraft:bone":6,"minecraft:wheat_seeds":1,"minecraft:iron_ingot":6,"minecraft:oak_planks":49,"minecraft:furnace":3,"minecraft:stick":13,"minecraft:sweet_berries":6,"minecraft:spruce_sapling":6,"minecraft:arrow":2,"minecraft:rotten_flesh":3,"minecraft:black_wool":1,"minecraft:mutton":10,"minecraft:coal":4,"minecraft:white_wool":14,"minecraft:cobblestone":17},"minecraft:used":{"minecraft:cooked_mutton":2,"minecraft:oak_planks":5,"minecraft:wooden_pickaxe":17,"minecraft:cooked_salmon":1,"minecraft:salmon":1,"minecraft:dirt":16,"minecraft:mutton":3,"minecraft:crafting_table":4,"minecraft:white_bed":1,"minecraft:wooden_axe":8,"minecraft:black_wool":1,"minecraft:wooden_sword":23,"minecraft:sweet_berries":2,"minecraft:furnace":2,"minecraft:cooked_porkchop":2},"minecraft:killed":{"minecraft:salmon":2,"minecraft:sheep":7},"minecraft:mined":{"minecraft:crafting_table":3,"minecraft:grass_block":7,"minecraft:tall_grass":4,"minecraft:cobblestone":2,"minecraft:furnace":1,"minecraft:birch_log":2,"minecraft:grass":11,"minecraft:oak_log":5,"minecraft:coal_ore":4,"minecraft:dirt":8,"minecraft:stone":9,"minecraft:oak_leaves":9},"minecraft:custom":{"minecraft:interact_with_furnace":12,"minecraft:mob_kills":9,"minecraft:interact_with_crafting_table":7,"minecraft:time_since_death":5397,"minecraft:sleep_in_bed":3,"minecraft:climb_one_cm":424,"minecraft:time_since_rest":5426,"minecraft:sprint_one_cm":175290,"minecraft:damage_taken":1495,"minecraft:walk_one_cm":98439,"minecraft:drop":15,"minecraft:damage_dealt":821,"minecraft:swim_one_cm":25484,"minecraft:talked_to_villager":2,"minecraft:fly_one_cm":193196,"minecraft:open_chest":2,"minecraft:crouch_one_cm":2741,"minecraft:play_time":49203,"minecraft:deaths":4,"minecraft:sneak_time":1138,"minecraft:walk_under_water_one_cm":5026,"minecraft:jump":1135,"minecraft:walk_on_water_one_cm":8353,"minecraft:total_world_time":49203,"minecraft:fall_one_cm":40127}},"DataVersion":3465}