{"stats":{"minecraft:crafted":{"minecraft:wooden_sword":1,"minecraft:oak_planks":40,"minecraft:fishing_rod":1,"minecraft:cooked_porkchop":6,"minecraft:crafting_table":1,"minecraft:wooden_pickaxe":1,"minecraft:furnace":1,"minecraft:cooked_salmon":1,"minecraft:birch_planks":8,"minecraft:cooked_mutton":4,"minecraft:air":0,"minecraft:stick":16,"minecraft:wooden_axe":1,"minecraft:white_bed":1},"minecraft:killed_by":{"minecraft:skeleton":2,"minecraft:zombie":2},"minecraft:dropped":{"minecraft:cooked_porkchop":4,"minecraft:rotten_flesh":2,"minecraft:oak_planks":8,"minecraft:cooked_mutton":2,"minecraft:pufferfish":1},"minecraft:picked_up":{"minecraft:wooden_axe":2,"minecraft:birch_log":2,"minecraft:fishing_rod":1,"minecraft:crafting_table":4,"minecraft:andesite":1,"minecraft:salmon":3,"minecraft:wooden_pickaxe":2,"minecraft:oak_log":10,"minecraft:string":8,"minecraft:dirt":28,"minecraft:wooden_sword":2,"minecraft:pufferfish":1,"minecraft:bone":10,"minecraft:wheat_seeds":1,"minecraft:iron_ingot":8,"minecraft:poppy":1,"minecraft:oak_planks":49,"minecraft:furnace":3,"minecraft:stick":14,"minecraft:sweet_berries":6,"minecraft:torch":4,"minecraft:spruce_sapling":8,"minecraft:diorite":1,"minecraft:arrow":4,"minecraft:rotten_flesh":3,"minecraft:beetroot_seeds":2,"minecraft:black_wool":1,"minecraft:mutton":10,"minecraft:coal":4,"minecraft:white_wool":17,"minecraft:cobblestone":21},"minecraft:used":{"minecraft:cooked_mutton":2,"minecraft:oak_planks":5,"minecraft:wooden_pickaxe":29,"minecraft:cooked_salmon":1,"minecraft:white_wool":3,"minecraft:salmon":1,"minecraft:dirt":27,"minecraft:mutton":3,"minecraft:crafting_table":4,"minecraft:white_bed":1,"minecraft:wooden_axe":8,"minecraft:black_wool":1,"minecraft:fishing_rod":6,"minecraft:wooden_sword":24,"minecraft:cobblestone":4,"minecraft:sweet_berries":2,"minecraft:furnace":2,"minecraft:cooked_porkchop":2},"minecraft:killed":{"minecraft:salmon":2,"minecraft:sheep":7},"minecraft:mined":{"minecraft:crafting_table":3,"minecraft:grass_block":14,"minecraft:tall_grass":4,"minecraft:cobblestone":2,"minecraft:diorite":1,"minecraft:furnace":1,"minecraft:birch_log":2,"minecraft:andesite":1,"minecraft:grass":11,"minecraft:oak_log":5,"minecraft:coal_ore":4,"minecraft:dirt":13,"minecraft:stone":13,"minecraft:oak_leaves":9},"minecraft:custom":{"minecraft:interact_with_furnace":12,"minecraft:mob_kills":9,"minecraft:interact_with_crafting_table":7,"minecraft:time_since_death":24955,"minecraft:sleep_in_bed":4,"minecraft:climb_one_cm":1084,"minecraft:time_since_rest":15733,"minecraft:sprint_one_cm":208386,"minecraft:damage_taken":1880,"minecraft:walk_one_cm":153983,"minecraft:drop":17,"minecraft:damage_dealt":835,"minecraft:swim_one_cm":36852,"minecraft:talked_to_villager":2,"minecraft:fly_one_cm":217750,"minecraft:open_chest":5,"minecraft:crouch_one_cm":3932,"minecraft:play_time":79203,"minecraft:deaths":5,"minecraft:sneak_time":1779,"minecraft:walk_under_water_one_cm":8775,"minecraft:jump":1505,"minecraft:walk_on_water_one_cm":12495,"minecraft:total_world_time":79203,"minecraft:fish_caught":1,"minecraft:fall_one_cm":51853}},"DataVersion":3465}