{"stats":{"minecraft:crafted":{"minecraft:wooden_sword":1,"minecraft:oak_planks":8,"minecraft:crafting_table":1,"minecraft:stick":12,"minecraft:wooden_pickaxe":1,"minecraft:wooden_axe":1,"minecraft:furnace":1,"minecraft:birch_planks":8},"minecraft:killed_by":{"minecraft:skeleton":1,"minecraft:zombie":1},"minecraft:dropped":{"minecraft:rotten_flesh":1},"minecraft:picked_up":{"minecraft:birch_log":2,"minecraft:stick":4,"minecraft:crafting_table":1,"minecraft:salmon":1,"minecraft:oak_log":2,"minecraft:dirt":11,"minecraft:string":4,"minecraft:rotten_flesh":2,"minecraft:wheat_seeds":1,"minecraft:mutton":5,"minecraft:oak_planks":4,"minecraft:white_wool":6,"minecraft:cobblestone":9},"minecraft:used":{"minecraft:wooden_axe":2,"minecraft:wooden_pickaxe":10,"minecraft:salmon":1,"minecraft:wooden_sword":6,"minecraft:mutton":1,"minecraft:crafting_table":2,"minecraft:furnace":1},"minecraft:killed":{"minecraft:sheep":4,"minecraft:salmon":1},"minecraft:mined":{"minecraft:birch_log":2,"minecraft:crafting_table":1,"minecraft:grass":9,"minecraft:grass_block":5,"minecraft:oak_log":3,"minecraft:dirt":7,"minecraft:tall_grass":1,"minecraft:stone":9,"minecraft:oak_leaves":4},"minecraft:custom":{"minecraft:time_since_rest":7089,"minecraft:interact_with_furnace":1,"minecraft:sprint_one_cm":86075,"minecraft:damage_taken":660,"minecraft:walk_one_cm":57987,"minecraft:mob_kills":5,"minecraft:drop":1,"minecraft:damage_dealt":440,"minecraft:talked_to_villager":1,"minecraft:interact_with_crafting_table":3,"minecraft:swim_one_cm":3604,"minecraft:fly_one_cm":109837,"minecraft:crouch_one_cm":1023,"minecraft:play_time":25203,"minecraft:deaths":2,"minecraft:sneak_time":417,"minecraft:walk_under_water_one_cm":756,"minecraft:jump":608,"minecraft:walk_on_water_one_cm":914,"minecraft:time_since_death":7055,"minecraft:total_world_time":25203,"minecraft:climb_one_cm":424,"minecraft:fall_one_cm":20575}},"DataVersion":3465}