{"stats":{"minecraft:crafted":{"minecraft:wooden_sword":1,"minecraft:oak_planks":40,"minecraft:cooked_porkchop":6,"minecraft:crafting_table":1,"minecraft:stick":12,"minecraft:wooden_pickaxe":1,"minecraft:wooden_axe":1,"minecraft:white_bed":1,"minecraft:furnace":1,"minecraft:birch_planks":8,"minecraft:air":0,"minecraft:cooked_mutton":4},"minecraft:killed_by":{"minecraft:skeleton":1,"minecraft:zombie":1},"minecraft:dropped":{"minecraft:cooked_porkchop":3,"minecraft:rotten_flesh":1,"minecraft:oak_planks":8,"minecraft:cooked_mutton":2},"minecraft:picked_up":{"minecraft:birch_log":2,"minecraft:stick":5,"minecraft:crafting_table":3,"minecraft:sweet_berries":2,"minecraft:salmon":1,"minecraft:oak_log":10,"minecraft:spruce_sapling":1,"minecraft:dirt":16,"minecraft:string":4,"minecraft:rotten_flesh":2,"minecraft:wheat_seeds":1,"minecraft:iron_ingot":2,"minecraft:black_wool":1,"minecraft:mutton":10,"minecraft:oak_planks":13,"minecraft:white_wool":8,"minecraft:cobblestone":11,"minecraft:furnace":1},"minecraft:used":{"minecraft:cooked_mutton":2,"minecraft:wooden_axe":8,"minecraft:black_wool":1,"minecraft:wooden_pickaxe":13,"minecraft:salmon":1,"minecraft:wooden_sword":18,"minecraft:dirt":16,"minecraft:mutton":3,"minecraft:crafting_table":3,"minecraft:furnace":1,"minecraft:cooked_porkchop":2,"minecraft:white_bed":1},"minecraft:killed":{"minecraft:sheep":7,"minecraft:salmon":1},"minecraft:mined":{"minecraft:furnace":1,"minecraft:birch_log":2,"minecraft:crafting_table":3,"minecraft:grass":11,"minecraft:grass_block":7,"minecraft:oak_log":5,"minecraft:dirt":8,"minecraft:cobblestone":2,"minecraft:tall_grass":4,"minecraft:stone":9,"minecraft:oak_leaves":9},"minecraft:custom":{"minecraft:time_since_rest":0,"minecraft:interact_with_furnace":9,"minecraft:sprint_one_cm":138825,"minecraft:damage_taken":820,"minecraft:walk_one_cm":83779,"minecraft:mob_kills":8,"minecraft:drop":14,"minecraft:damage_dealt":680,"minecraft:talked_to_villager":1,"minecraft:interact_with_crafting_table":5,"minecraft:swim_one_cm":10800,"minecraft:fly_one_cm":152833,"minecraft:crouch_one_cm":1704,"minecraft:play_time":37203,"minecraft:deaths":2,"minecraft:sneak_time":642,"minecraft:walk_under_water_one_cm":1118,"minecraft:jump":928,"minecraft:walk_on_water_one_cm":2067,"minecraft:time_since_death":19055,"minecraft:sleep_in_bed":1,"minecraft:total_world_time":37203,"minecraft:climb_one_cm":424,"minecraft:fall_one_cm":29407}},"DataVersion":3465}