{"stats":{"minecraft:custom":{"minecraft:interact_with_furnace":12,"minecraft:mob_kills":10,"minecraft:interact_with_crafting_table":8,"minecraft:leave_game":1,"minecraft:time_since_death":13555,"minecraft:sleep_in_bed":6,"minecraft:climb_one_cm":1100,"minecraft:time_since_rest":2145,"minecraft:sprint_one_cm":231424,"minecraft:damage_taken":1960,"minecraft:walk_one_cm":200768,"minecraft:drop":22,"minecraft:damage_dealt":835,"minecraft:swim_one_cm":39245,"minecraft:talked_to_villager":2,"minecraft:fly_one_cm":245947,"minecraft:open_chest":19,"minecraft:crouch_one_cm":4493,"minecraft:play_time":94740,"minecraft:deaths":6,"minecraft:sneak_time":1986,"minecraft:walk_under_water_one_cm":8803,"minecraft:jump":1757,"minecraft:walk_on_water_one_cm":13722,"minecraft:total_world_time":94740,"minecraft:fish_caught":1,"minecraft:fall_one_cm":58459},"minecraft:broken":{"minecraft:wooden_pickaxe":1},"minecraft:killed_by":{"minecraft:skeleton":2,"minecraft:zombie":2},"minecraft:used":{"minecraft:cooked_mutton":2,"minecraft:poppy":2,"minecraft:oak_planks":5,"minecraft:wooden_pickaxe":59,"minecraft:cooked_salmon":1,"minecraft:white_wool":3,"minecraft:salmon":1,"minecraft:dirt":28,"minecraft:mutton":3,"minecraft:crafting_table":4,"minecraft:white_bed":1,"minecraft:wooden_axe":8,"minecraft:black_wool":1,"minecraft:spruce_sapling":2,"minecraft:wooden_sword":24,"minecraft:fishing_rod":6,"minecraft:cobblestone":4,"minecraft:purple_bed":2,"minecraft:sweet_berries":2,"minecraft:furnace":2,"minecraft:cooked_porkchop":2},"minecraft:mined":{"minecraft:glass_pane":1,"minecraft:crafting_table":3,"minecraft:poppy":1,"minecraft:grass_block":14,"minecraft:tall_grass":4,"minecraft:cobblestone":2,"minecraft:spruce_leaves":1,"minecraft:diorite":26,"minecraft:purple_bed":2,"minecraft:furnace":1,"minecraft:birch_log":2,"minecraft:wheat":1,"minecraft:andesite":6,"minecraft:grass":12,"minecraft:oak_log":5,"minecraft:coal_ore":4,"minecraft:dirt":15,"minecraft:stone":13,"minecraft:oak_leaves":9},"minecraft:crafted":{"minecraft:wooden_sword":1,"minecraft:oak_planks":40,"minecraft:fishing_rod":1,"minecraft:cooked_porkchop":6,"minecraft:crafting_table":1,"minecraft:wooden_pickaxe":1,"minecraft:furnace":1,"minecraft:cooked_salmon":1,"minecraft:birch_planks":8,"minecraft:cooked_mutton":4,"minecraft:air":0,"minecraft:stick":16,"minecraft:wooden_axe":1,"minecraft:white_bed":1},"minecraft:dropped":{"minecraft:cooked_porkchop":4,"minecraft:iron_helmet":2,"minecraft:rotten_flesh":2,"minecraft:iron_boots":1,"minecraft:oak_planks":8,"minecraft:cooked_mutton":2,"minecraft:pufferfish":1,"minecraft:iron_chestplate":1,"minecraft:iron_leggings":1},"minecraft:killed":{"minecraft:salmon":2,"minecraft:sheep":7},"minecraft:picked_up":{"minecraft:wooden_axe":3,"minecraft:birch_log":2,"minecraft:fishing_rod":2,"minecraft:iron_chestplate":1,"minecraft:wheat":2,"minecraft:crafting_table":4,"minecraft:andesite":7,"minecraft:salmon":3,"minecraft:wooden_pickaxe":3,"minecraft:oak_log":10,"minecraft:dirt":31,"minecraft:string":8,"minecraft:paper":2,"minecraft:wooden_sword":3,"minecraft:iron_leggings":1,"minecraft:pufferfish":1,"minecraft:bone":13,"minecraft:wheat_seeds":5,"minecraft:iron_ingot":10,"minecraft:poppy":3,"minecraft:oak_planks":49,"minecraft:iron_boots":1,"minecraft:furnace":3,"minecraft:stick":15,"minecraft:sweet_berries":6,"minecraft:torch":4,"minecraft:spruce_sapling":10,"minecraft:diorite":27,"minecraft:purple_bed":2,"minecraft:arrow":6,"minecraft:rotten_flesh":3,"minecraft:beetroot_seeds":3,"minecraft:iron_helmet":2,"minecraft:black_wool":1,"minecraft:mutton":10,"minecraft:coal":4,"minecraft:white_wool":17,"minecraft:cobblestone":21}},"DataVersion":3465}