{
  "minecraft:recipes/decorations/crafting_table": {
    "criteria": {
      "unlock_right_away": "2024-07-27 17:21:38 +0000"
    },
    "done": true
  },
  "minecraft:adventure/root": {
    "criteria": {
      "killed_by_something": "2024-07-27 17:23:06 +0000"
    },
    "done": true
  },
  "minecraft:adventure/adventuring_time": {
    "criteria": {
      "minecraft:forest": "2024-07-27 17:21:39 +0000",
      "minecraft:meadow": "2024-07-27 17:22:32 +0000",
      "minecraft:plains": "2024-07-27 17:22:24 +0000"
    },
    "done": false
  },
  "DataVersion": 3465
}